{"cameraMode":{"drawMode":0,"name":"Shaded","section":"Shading Mode"},"sceneLighting":false,"audioPlay":false,"sceneViewState":{"m_AlwaysRefresh":false,"showFog":true,"showSkybox":false,"showFlares":true,"showImageEffects":true,"showParticleSystems":true,"showVisualEffectGraphs":true,"m_FxEnabled":true},"in2DMode":false,"pivot":{"x":-6.0272135734558109,"y":2.7629494667053224,"z":0.49377113580703738},"rotation":{"x":0.0026903029065579178,"y":-0.005402977112680674,"z":-0.000014196968550095335,"w":-0.9999845623970032},"size":0.6147376298904419,"orthographic":false}