{"cameraMode":{"drawMode":0,"name":"Shaded","section":"Shading Mode"},"sceneLighting":true,"audioPlay":false,"sceneViewState":{"m_AlwaysRefresh":false,"showFog":true,"showSkybox":true,"showFlares":true,"showImageEffects":true,"showParticleSystems":true,"showVisualEffectGraphs":true,"m_FxEnabled":true},"in2DMode":false,"pivot":{"x":-0.5104557275772095,"y":1.2878950834274293,"z":1.483600378036499},"rotation":{"x":0.09138726443052292,"y":0.8771409392356873,"z":-0.18476000428199769,"w":0.4337966740131378},"size":1.2247449159622193,"orthographic":false}